Title,Price,Date
"Funny All You Need is Love and Data Tee, Data Analyst Gift, Programmer Shirt, Computer Science Student Top, Geeky Tee",18.8,2025-03-14
"Funny All You Need is Love and Data Tee, Data Analyst Gift, Programmer Shirt, Computer Science Student Top, Geeky Tee",18.8,2025-03-14
"Funny All You Need is Love and Data Tee, Data Analyst Gift, Programmer Shirt, Computer Science Student Top, Geeky Tee",18.8,2025-03-14
"Funny All You Need is Love and Data Tee, Data Analyst Gift, Programmer Shirt, Computer Science Student Top, Geeky Tee",18.8,2025-03-14
"Funny All You Need is Love and Data Tee, Data Analyst Gift, Programmer Shirt, Computer Science Student Top, Geeky Tee",18.8,2025-03-14
"Funny All You Need is Love and Data Tee, Data Analyst Gift, Programmer Shirt, Computer Science Student Top, Geeky Tee",18.8,2025-03-14
"Funny All You Need is Love and Data Tee, Data Analyst Gift, Programmer Shirt, Computer Science Student Top, Geeky Tee",18.8,2025-03-14
"Funny All You Need is Love and Data Tee, Data Analyst Gift, Programmer Shirt, Computer Science Student Top, Geeky Tee",18.8,2025-03-14
"Funny All You Need is Love and Data Tee, Data Analyst Gift, Programmer Shirt, Computer Science Student Top, Geeky Tee",18.8,2025-03-14
"Funny All You Need is Love and Data Tee, Data Analyst Gift, Programmer Shirt, Computer Science Student Top, Geeky Tee",18.8,2025-03-14
"Funny All You Need is Love and Data Tee, Data Analyst Gift, Programmer Shirt, Computer Science Student Top, Geeky Tee",18.8,2025-03-14
"Funny All You Need is Love and Data Tee, Data Analyst Gift, Programmer Shirt, Computer Science Student Top, Geeky Tee",18.8,2025-03-14
"Funny All You Need is Love and Data Tee, Data Analyst Gift, Programmer Shirt, Computer Science Student Top, Geeky Tee",18.8,2025-03-14
"Funny All You Need is Love and Data Tee, Data Analyst Gift, Programmer Shirt, Computer Science Student Top, Geeky Tee",18.8,2025-03-14
